Town;Name;Type;Tags;Description;Latitude;Longitude
Суздаль;Клуб Путешественников;Кафе / Ресторан;еда, уютное, локальное;Небольшое, но атмосферное кафекнижный клуб шага от Кремля — сочетание кофейни, книжного магазина и пространства для неспешных бесед. В уютном интерьере старинного дома создаётся ощущение, что вы сидите в гостях у старого библиотекарямудреца: мягкие кресла, полки с книгами по географии, приключениям и культуре, стенды с путеводителями и не только. Меню  на лёгких закусках и напитках: кофе, чай, иногда легкий кальян;;
Суздаль;МИРА центр;Другое;атмосферное, интересное;Центр МИРА в Суздале — уникальное культурное пространство, объединившее в себе современное искусство, музыку, литературу и архитектуру. Расположенный в отреставрированном особняке XIX века, он стал живым примером того, как современность может органично вписаться в историческую ткань древнего города. Интерьеры Центра выполнены с уважением к прошлому: массивный дуб, камень, арки — но дополнены стеклом, бетоном и светом, создающим атмосферу свободного и вдумчивого творчества. МИРА — это не просто галерея. Здесь проходят концерты, лекции, кинопоказы, выставки и художественные резиденции. Это место стало точкой притяжения для тех, кто ищет в Суздале не только древние монастыри и храмы, но и живую, современную культурную среду. Центр создан как пространство диалога — между эпохами, жанрами и людьми. Он словно вписывает Суздаль в актуальный контекст, не разрушая его духа, а раскрывая его заново.;56.418517;40.447939
Суздаль;Ильинская церковь;Церковь;религиозное, архитектура, история;Ильинская церковь в Суздале — один из редких образцов храмовой архитектуры XVIII века, выполненной в стиле провинциального барокко. Расположенная на тихом берегу Каменки, она словно вырастает из зелёного пейзажа, подчёркивая камерность и гармонию древнего города. Храм освящён в честь пророка Илии — грозного небесного покровителя, и его строгий силуэт со скромным пятиглавием словно напоминает о духовной силе и покое, царящих здесь веками. Церковь построена в 1744 году на средства местных купцов. В её облике сочетаются простота белокаменных стен и декоративные элементы с легкими барочными чертами: кокошники, изящные окна с наличниками, крылечки с фигурными фронтонами. Особенно живописно здание смотрится на фоне лугов и старицы Каменки — в любое время года оно будто вписано в пейзаж кистью художника. Ильинская церковь — не просто памятник, а часть живой ткани Суздаля, хранящая ритм времени, неспешность и одухотворённую красоту русского Севера.;56.417484;40.437293
Суздаль;Александровский монастырь;Монастырь;историческое, религиозное, архитектура;Александровский монастырь в Суздале — один из древнейших монастырей города, основанный в XIII веке по благословению князя Александра Невского. Первоначально он служил приютом для вдов и сирот, пострадавших от нашествия Батыя. Современный архитектурный облик монастыря сформировался в конце XVII века: центр композиции — Вознесенская церковь с изящным пятиглавием, редкая для Суздаля шатровая колокольня и Святые ворота, украшенные скромным, но выразительным декором. После упразднения в XVIII веке монастырь долгое время оставался приходским храмом. Лишь в 2006 году он вновь обрел статус монастыря и был возрождён как мужская обитель. Сегодня Александровский монастырь — тихое и малолюдное место, скрытое от туристической суеты, где старинная архитектура соседствует с неспешной монастырской жизнью. Он хранит в себе многовековую историю — строгую, уединённую и исполненную внутреннего достоинства.;56.42742;40.4404
Суздаль;Спасо-Евфимиев монастырь;Монастырь;историческое, религиозное, архитектура;СпасоЕвфимиев монастырь в Суздале — не просто духовный центр, но и мощный архитектурный ансамбль, сложившийся в XVI–XVII веках. Основан в 1352 году князем Борисом Константиновичем как крепость и первый каменный храм возведён над могилой преподобного Евфимия в начале XVI века. Главный храм — СпасоПреображенский собор — украшен фресками мастеров Гурия Никитина и Силы Савина, а вокруг раскинулась впечатляющая звонница с 17 колоколами, где до сих пор проводятся колокольные концерты Огромные каменные стены с двенадцатью башнями, трапезные и братские корпуса, Никольская церковь, архимандритские келии — всё это создаёт ощущение «кремлёвского» комплекса, включенного в список ЮНЕСКО. История монастыря не только святыня — в его тюрьме XIX–XX веков содержались старообрядцы, декабристы и политзаключённые, что делает это место многослойным: средневековая крепость, музей, центр культуры и память о драматических эпохах России .;56.432183;40.439067
Суздаль;Свято-Успенский монастырь;Другое;атмосферное, интересное;Свято-Успенский монастырь Свято-Успенский монастырь — одно из самых малоизвестных, но атмосферных мест в Суздале. Он расположен в тихой части города, вблизи древнего Кремля, и, в отличие от более популярных монастырей, почти не подвергался туристическому натиску. История монастыря уходит корнями в XVI век, однако ныне дошедшие постройки — это в основном реставрации и воссоздания, отражающие традиции русского зодчества с характерными белокаменными стенами и тёплой окраской храмов. Центр ансамбля — Успенская церковь с лаконичным фасадом и типичной для Суздаля формой главы. Монастырь представляет собой скорее камерное место молитвы и тишины, чем исторический памятник с экскурсионными потоками. Здесь ощущается живая духовная жизнь, а окружающий ландшафт только подчёркивает чувство уединённости. Рекомендуется к посещению тем, кто ищет не яркую экскурсию, а спокойную остановку для размышлений и внутреннего;56.41778;40.44528
Суздаль;Сигизмундов дом (Архиерейский дом), Суздаль;Историческое здание;архитектура, культурное наследие;Сигизмундов дом — яркий образец провинциального гражданского зодчества конца XIX–начала XX века. Это двухэтажное каменно-деревянное здание в пастельно-розовой гамме с декоративными наличниками, белыми колоннами и балконом-лоджией. Первоначально служил домом для высокопоставленных церковных лиц (архиепархии), отсюда и второе название — Архиерейский дом. Сейчас это объект культурного наследия, гармонично вписанный в исторический центр Суздаля и сохраняющий благородную атмосферу прошлых веков. Интерьеры дома сочетают строгие линии и уют провинции: деревянные полы, резные детали, камерные пространства, остеклённые веранды. Он словно замедляет шаг в центре оживлённого маршрута, приглашая задуматься о жизни, времени и устойчивости. Здание встречает прохладой камня и теплом дерева — можно представить, как здесь собирались важные гости, душевно беседовали и вели дела.;56.426;40.4445
Суздаль;Дом Суриковых (гостевой дом), Суздаль;Гостевой дом;уютное, семейное, атмосферное;Дом Суриковых — уютный камерный семейный артотель недалеко от СпасоЕвфимиева и Покровского монастырей, расположенный на берегу реки Каменка. В интерьерах — авторская расписная мебель, винтажные детали и домашние завтраки, что создаёт атмосферу настоящего уюта. Номеров всего десять, есть веранда с видом на монастырь, бесплатная парковка, мастер-классы и возможность остановиться с питомцем.;56.4269;40.4448
Суздаль;Покровский женский монастырь, Суздаль;Монастырь;историческое, религиозное, архитектура;Покровский монастырь — действующая женская обитель, основанная в 1364 году князем Дмитрием Константиновичем на правом берегу реки Каменки. Сейчас это архитектурный ансамбль XVI века, включающий трёхглавый Покровский собор (1510–1518) на высоком подклетном цоколе, окружённый открытыми галереями, шатровую колокольню (1515), Благовещенские надвратные врата, трапезную с Зачатьевской церковью (1551), хозяйственные постройки XVII–XVIII веков и «Приказную избу» с бывшей тюрьмой для знатных узниц — ссыльных инокинь и царских невест. Монастырь известен как место заточения представительниц знатных родов — здесь постригались жена Василия III Соломония Сабурова, супруги Петра I и ряд других влиятельных женщин. После закрытия в советское время обитель использовалась как музей, лаборатория ОГПУ и гостиница, а с 1992 года восстановлена как действующий монастырь . Сегодня это не только памятник культуры, но и духовное и экскурсионное место, где можно одновременно увидеть архитектуру разных эпох, прикоснуться к истории и приобрести монастырские дары.;56.429618;40.437249
Суздаль;Улица Лебедева, Суздаль;Историческая улица;деревянное зодчество, прогулки, атмосфера;Улица Лебедева — одна из старейших улиц Суздаля, с многослойной историей и архитектурой разных эпох. Первоначально носившая названия Афанасьевская, Никольская, Успенская и Воеводская, она стала улицей Фрунзе в советское время, а с 1970-х увековечена именем поэта-мариниста Алексея Лебедева (1912–1941), уроженца Суздаля. На ней сохранилось множество деревянных домов XVIII–XIX веков: дом Табачникова (ул. Лебедева, 3) — памятник мещанской застройки, пожарная каланча 1890 г. (ул. Лебедева, 1) — местное достояние. Улица представляет собой компактный музей деревянной архитектуры под открытым небом: усадьбы № 6 (где родился А. Лебедев), № 8 (дом врача Моренкова), № 13 (усадьба купца Еремина) и другие, рассказывают о купеческом, ремесленном и интеллигентском прошлых Суздаля. Контрасты эпох — кирпичные цоколы и резные наличники на деревянных фасадах — создают камерную, «забытую» атмосферу уездного города.;56.41456;40.44786
Суздаль;Особенности:;Другое;атмосферное, интересное;Пожарная каланча (ул. 1) — памятник регионального значения, до сих пор используется пожарной частью . Дом № 6 — родовое место поэта-мариниста Алексея Лебедева;;
Суздаль;Ресторан «Гнездо пекаря», Суздаль;Кафе / Ресторан;еда, уютное, локальное;«Гнездо пекаря» — камерный семейный ресторанпекарня на Толстого, 6А, где хозяева Дмитрий и Нина лично готовят и общаются с гостями. Интерьер — домашний и уютный, с русской печью прямо в зале и авторскими деталями;;
Суздаль;Кабацкая гора;Смотровая площадка;атмосферное, интересное;Кабацкая гора (улица Кабацкая), Суздаль Кабацкая гора (в старину – ул. Кабацкая) — одна из живописных смотровых площадок Суздаля на высоком берегу реки Каменка. Здесь начинается древняя улица Набережная, и отсюда открываются панорамы на Кремль, торговые ряды и зеленые поля вокруг города. Название «кабацкая» связано с тем, что здесь ещё в XVII–XVIII веках располагались кабаки — местные питейные заведения. Именно эта часть города служила главным общепитом уездной публики . Сегодня это тихое уединённое место, куда не доходит основной туристический поток. Здесь приятно задержаться, наблюдая как свет отражается в воде Каменки и подсвечивает купола древнего Суздаля. Для туристов и индивидуальных экскурсоводов Кабацкая гора стала символом неспешного общения с городом, а не просто фотозоной.;56.418499;40.445637
Суздаль;Музей древнего зодчества (Музей деревянного зодчества), Суздаль;Музей;музей, культура, история;Музей деревянного зодчества — это уникальный музей под открытым небом, расположенный на высоком берегу реки Каменки. Основанный в 1960–70е годы усилиями реставраторов, он собирает более 18 объектов деревянного зодчества XVIII–XIX веков со всей Владимирской области: церкви, часовни, крестьянские и купеческие дома, мельницы, амбары — все воссозданы без единого гвоздя на общей территории площадью 3,5 га. Здесь можно заглянуть внутрь крестьянской избы, увидеть мельницу и даже посетить дом купцов Агаповых – полная реконструкция жизни старого русского села. Кроме архитектуры, музей — это культурная площадка: в летние месяцы проходят фестивали («Праздник огурца», народные ремёсла), зимние гуляния и мастер-классы, а в кафе на территории подают сбитень и медовуху из самовара. Экспозиция открыта ежедневно с 9:00 до 19:00 (касса до 18:00), санитарный день — третья среда месяца.;56.412967;40.439762
Суздаль;Церковь Космы и Дамиана (Козьмодемьянская), Суздаль;Церковь;религиозное, архитектура, история;Церковь святых Космы и Дамиана, известная как Козьмодемьянская, расположена на левом берегу реки Каменка, на Яруновой горе — холме с древними языческими корнями. Построена в камне в 1725 году на месте деревянного храма, её архитектура сочетает простоту провинциального барокко и асимметричность композиции: кубический объём, к которому примыкает вышкаколокольня восьмигранной формы, покрытая шатром с луковичной главкой. Церковь — летний приходской храм, часть ансамбля с Крестовоздвиженской «зимней» церковью XIX века и приобрела статус памятника регионального значения. Интерьера практически лишён украшений — это строгая лаконичность форм с едва заметными наличниками и пилястрами, в духе провинциального искусства XVIII века. Постоянные богослужения ведёт старообрядческая община, церковь восстановлена в 1970е годы, после долгого забвения и даже складского использования. Это камерное, атмосферное место, объединяющее духовность и минималистичную архитектуру на фоне зелёной Яруновой горы.;56.41426;40.4507
Суздаль;МихаилоАрхангельский луг, Суздаль;Природная зона;природа, прогулки, уединение;Михайловский (МихаилоАрхангельский) луг — обширное зелёное пространство на юговостоке Суздаля, сформировавшееся ещё в период Михайловской слободы. Название отражает связь с приходом Михаила Архангела, бывшим землевладельцем этих берегов Каменки. Со всех сторон окружён городом и рекой, луг веками служил пастбищем для скота, а позже — зоной отдыха и тихих прогулок. Сегодня это полевой заказник, где на глазах меняются сезоны: летом — заливные луга с травами и цветами, зимой — окрестности становятся идеальной рамой для архитектуры старого Суздаля . Здесь тихо и просторно, без толп туристов — удобно для семейных прогулок и фотопауз. Отсюда особенно удачно видно группу церковных куполов и реку — пейзаж, который будто рисует дух провинциальной древности.;56.417;40.439
Суздаль;Визитная платформа «Лавра» (смотровая площадка у Ризоположенского монастыря), Суздаль;Монастырь;историческое, религиозное, архитектура;Платформа расположена недалеко от колокольни Ризоположенского женского монастыря и считается одной из самых высоких обзорных точек города (колокольня — 72 м). Отсюда открывается впечатляющая панорама: вниз — Покровский монастырь и СпасоЕвфимиев, раскинувшаяся река Каменка и тихие улочки Суздаля. С площадки легко дойти пешком от центра, она бесплатна и отлично подходит для фото на закате или неспешного созерцания. Это место особенно ценят за естественную тишину, лёгкий ветерок и дух настоящего провинциального уюта — без толп экскурсий.;56.4155;40.4435
